,Depth_to_Groundwater_LT2,Depth_to_Groundwater_SAL,Depth_to_Groundwater_CoS
0,-14.850192141109995,-5.795255303113408,-3.2698791108479393
1,-14.829233581676455,-5.740356911137315,-3.0600994835604376
2,-14.823505283880193,-5.746573748017185,-3.0321199065707125
3,-14.822109638473734,-5.749023895752417,-3.0204775787336344
4,-14.819804398588202,-5.745025335687406,-3.0048520136119325
5,-14.817437904727793,-5.7491080317387375,-2.9833240006640507
6,-14.813168477199437,-5.7482216691455275,-2.938739657108595
7,-14.818128549347364,-5.793569211464317,-3.0865835680180003
8,-14.79492202361329,-5.730949541258523,-2.8737814993457316
9,-14.787039973878898,-5.730276853430879,-2.844203985379711
10,-14.783623196737414,-5.7268565084193535,-2.832412640042078
11,-14.77946585308232,-5.718163937281414,-2.818073290589396
12,-14.775449834936907,-5.718852460114637,-2.7992165212808504
13,-14.76976335927201,-5.71595772413435,-2.7586042698689948
14,-14.773564383483391,-5.760729014103051,-2.9116063852243497
15,-14.749477343775068,-5.69897076060231,-2.705007518513805
16,-14.74100835650803,-5.70056194358345,-2.6825155175396693
17,-14.73730739866934,-5.700733094626837,-2.6785130261109287
18,-14.73317171888075,-5.6968474540641605,-2.6724762281563006
19,-14.729480120138867,-5.703412077560534,-2.662241158614473
20,-14.724411618366815,-5.70728650263889,-2.630376056542635
21,-14.729109069777728,-5.759519105798858,-2.792063504186185
22,-14.706176262676665,-5.705694331031785,-2.5939125674176924
23,-14.699093604352594,-5.715458323983397,-2.5794719620314104
24,-14.696980906289639,-5.723802498206805,-2.582985818564262
25,-14.69460150304588,-5.727851403927476,-2.5838158755820473
26,-14.692797327230137,-5.741880504727009,-2.579710436017398
27,-14.689708423739951,-5.7525312853596535,-2.553178499149178
28,-14.696437473780437,-5.810653641303848,-2.7193727752095818
29,-14.675547800878153,-5.761658563092169,-2.5249017881165186
30,-14.67047996585581,-5.7750484989197295,-2.5133421077341276
31,-14.670315430697068,-5.785704792432258,-2.518992327264261
32,-14.669781504380804,-5.7906784613729165,-2.5212926831039932
33,-14.66968717249056,-5.804209845426337,-2.5180907414008433
34,-14.668143275338599,-5.8129444991377595,-2.4920116728791006
35,-14.676227589399154,-5.867775264140563,-2.6583369479226215
36,-14.65648327164572,-5.8141935486426375,-2.463811794524884
37,-14.652335764567386,-5.821817243308663,-2.4521526056534624
38,-14.652856636247755,-5.825674745358437,-2.457796060435453
39,-14.652768566797588,-5.822991458503377,-2.4603140045776586
40,-14.652881084918098,-5.828204422997176,-2.4576746572597936
41,-14.651310524959735,-5.828172597915899,-2.4326087998610944
42,-14.65914476833928,-5.874012892171641,-2.6004848992095253
43,-14.63894124111663,-5.811445145829599,-2.408113612199175
44,-14.634143280452225,-5.810313670812529,-2.39925294311095
45,-14.633843361548228,-5.805865003943859,-2.4083558811161647
46,-14.632787415325229,-5.795528417088122,-2.4149846030385
47,-14.631809860738768,-5.79392500677467,-2.4170718238971385
48,-14.62905284279449,-5.788073039757897,-2.397287941274706
49,-14.635630260773038,-5.829219787242191,-2.5709178927333323
50,-14.614125078468334,-5.763183163657945,-2.3846681167028647
51,-14.608005047943408,-5.759870868335188,-2.382174810666416
52,-14.60638535543829,-5.754556744803848,-2.397755217930268
53,-14.60403243572009,-5.744660934982041,-2.410825913203253
54,-14.60179858483015,-5.744759654340102,-2.4191685603999824
55,-14.597840883819526,-5.741792235688286,-2.4053016260472413
56,-14.603285011802438,-5.7868956202533495,-2.584361860378915
57,-14.580722449083021,-5.725749528039178,-2.4029157838667072
58,-14.57362620013901,-5.728099898427197,-2.404472241959773
59,-14.571113541371833,-5.729040186789125,-2.4232376327420515
60,-14.567950031903914,-5.725796948038666,-2.4385376653385156
61,-14.564984413941438,-5.732745372523232,-2.4480860065475776
62,-14.560367890991142,-5.7366222553088,-2.4343582455215005
63,-14.56521836048198,-5.788366403589121,-2.612474894637475
64,-14.542118079790887,-5.733469544215388,-2.429013636817135
65,-14.534529880019297,-5.741505157344906,-2.4275218590413177
66,-14.53156041526033,-5.7474146680415075,-2.4422710796905616
67,-14.527964668508003,-5.748297288002286,-2.452677153110565
68,-14.524581324179897,-5.758429053170463,-2.456566656225429
69,-14.51955248009155,-5.764478441082542,-2.4365479545583284
70,-14.523988261553722,-5.817348500598662,-2.6078907514240193
71,-14.500464804703851,-5.7625285109972735,-2.417334431625973
72,-14.4924407138721,-5.769622579635405,-2.40859635283383
73,-14.489020473792875,-5.773634621776245,-2.4161218146690553
74,-14.484959033689288,-5.77175605461066,-2.419499716608569
75,-14.481097171980428,-5.778381817884314,-2.4167244387810376
76,-14.475581116135341,-5.780322196390082,-2.390562570037853
77,-14.479526984849196,-5.828640490395404,-2.556428408158551
78,-14.455518526797507,-5.7689996830609305,-2.361188655221964
79,-14.447023270295544,-5.771185660901293,-2.3486675604526446
80,-14.443155576245736,-5.770386588233714,-2.3533943243624655
81,-14.438680824621963,-5.763974930923768,-2.3550168414611083
82,-14.434450357663271,-5.766517906353599,-2.3515623623821713
83,-14.428620669441527,-5.764983995907875,-2.3258037260312188
84,-14.43231742433482,-5.810575719017174,-2.4931350917482247
85,-14.408132793725498,-5.749071958380079,-2.3003775786102554
86,-14.399541239526764,-5.7503475166338704,-2.2912860279838867
87,-14.395662249941465,-5.749649609814929,-2.3002986478961707
88,-14.391264269044727,-5.744377874624204,-2.3069535440855695
89,-14.387199452655999,-5.749093723214466,-2.3091526312966586
90,-14.3816227471094,-5.75072671218979,-2.2895314760504513
91,-14.385655877824092,-5.800408128121172,-2.4633388924786033
92,-14.361884738648826,-5.743815055382793,-2.277246584227627
93,-14.353775309471928,-5.750692556496631,-2.274859932148953
94,-14.350436603659404,-5.756133595546422,-2.290471571169904
95,-14.346624880464478,-5.757363184438191,-2.303481650613609
96,-14.343178746033326,-5.76875246891659,-2.311665168785942
97,-14.338238628665518,-5.777030288051124,-2.2975448410799646
98,-14.342911202527405,-5.83312226419947,-2.476273244567069
99,-14.319767236749263,-5.782500535807122,-2.294444469006799
100,-14.31225798246715,-5.79471160599449,-2.2956063280865737
101,-14.309478584042711,-5.8046617809169,-2.314014746725805
102,-14.306172734370568,-5.809406526136256,-2.329054210006599
103,-14.303168183259531,-5.823169315630785,-2.3385046747188034
104,-14.298596570978315,-5.8325573780382785,-2.324913431196925
105,-14.3035581491121,-5.888404284689823,-2.503475703960755
106,-14.287467890549822,-5.836122873366868,-2.3208442820146233
107,-14.286927918136735,-5.845233538345802,-2.320639307474723
108,-14.291035083125076,-5.850652057347038,-2.33719992263618
109,-14.294537560384178,-5.849478518363836,-2.3500017553279915
110,-14.298270244617775,-5.856015296206119,-2.3569207414301148
111,-14.300374387586857,-5.856981037495771,-2.340601872630405
112,-14.31196204414702,-5.903350651087987,-2.5163367569831654
113,-14.295613802117913,-5.840704398159773,-2.3308703779589752
114,-14.294794911191337,-5.838753578807075,-2.3279082676618392
115,-14.298618304255996,-5.83262235396693,-2.341865872875713
116,-14.301848742488339,-5.819632134469391,-2.3522841581917153
117,-14.305337708582634,-5.8143142508678505,-2.357091996783747
118,-14.307242539076658,-5.803618478911358,-2.338973972449393
119,-14.318690379672244,-5.838747561667507,-2.51324749956787
120,-14.30227545430384,-5.765500964811988,-2.326669648800452
121,-14.301474778037043,-5.753795498544994,-2.3229448795263137
122,-14.305410820707355,-5.738942472224696,-2.3364754268272296
123,-14.308855364396374,-5.718427928090499,-2.346778341423867
124,-14.312664188694683,-5.706921766638691,-2.3517496739393358
125,-14.314996081789236,-5.6914834193058805,-2.334034356595856
126,-14.326976765620616,-5.723394270244755,-2.5089056096071647
127,-14.311196227312786,-5.648500103151219,-2.3230741744627514
128,-14.311124585445336,-5.636731224044227,-2.3201984861055704
129,-14.315874993630484,-5.623379921486159,-2.3346374424167915
130,-14.320207817229244,-5.6058817845587265,-2.345869682542099
131,-14.324965707288648,-5.59882664483413,-2.3517597839753877
132,-14.328293057560618,-5.589166733149655,-2.334929858109634
133,-14.34130041873334,-5.628052171840432,-2.510640308619581
134,-14.326562346459852,-5.561176983629699,-2.325600004514265
135,-14.327533795120111,-5.558303162679793,-2.3234769437143767
136,-14.333313542652505,-5.554542356485717,-2.3386510448190925
137,-14.338648865213862,-5.547141562080951,-2.3506329739551712
138,-14.344371069271205,-5.550498485316717,-2.3573294282531947
139,-14.34861535163847,-5.551374039255749,-2.3414133832371924
140,-14.362485547871517,-5.600731993453298,-2.5182031111166547
141,-14.348552233976749,-5.544088855264331,-2.3344702781927635
142,-14.35026928421818,-5.551041440020531,-2.333948265517948
143,-14.356737364005737,-5.556551603693052,-2.3510824285112397
144,-14.362708573300985,-5.5577344817562,-2.3654462877088935
145,-14.369021847990082,-5.5688758397853,-2.375004161970005
146,-14.373822592794019,-5.576645985818498,-2.3624788428060772
147,-14.388227112336235,-5.631940247607195,-2.54322820684235
148,-14.374820314517,-5.580229104221791,-2.364051160330326
149,-14.377071800905716,-5.591085453276838,-2.3686941384525864
150,-14.384098837443819,-5.599468526542579,-2.3915999440018467
151,-14.39067043716324,-5.602510849771961,-2.4123229744619135
152,-14.397642180104373,-5.614533915235411,-2.428791391696423
153,-14.403175262657339,-5.622260088401545,-2.423674860299318
154,-14.418400361940165,-5.676650829175175,-2.612261762507348
155,-14.405914808094687,-5.623254397620833,-2.4412662774150666
156,-14.409198197085095,-5.631730606396986,-2.454336524069912
157,-14.41737495372367,-5.63713221147323,-2.48580551334974
158,-14.419683605478575,-5.636689410464927,-2.514873412573847
159,-14.422514832232032,-5.644823187904627,-2.5395790582101125
160,-14.424026937294464,-5.648355080487066,-2.5424643618133853
161,-14.435344187167397,-5.698343497851991,-2.738690327018053
162,-14.419054087343756,-5.640429802015359,-2.574847518286071
163,-14.418623211150832,-5.644361732743728,-2.5944675701871076
164,-14.42316008656798,-5.645273782260562,-2.6317773805721436
165,-14.427419378858156,-5.640470988721545,-2.6661198824330574
166,-14.432236994536959,-5.644441871895809,-2.695221786002735
167,-14.435749593341255,-5.644068067850108,-2.701566751054865
168,-14.449059082417175,-5.690460758598614,-2.9002777327992413
169,-14.434730568644124,-5.629307062918495,-2.7379287313514324
170,-14.436208879575211,-5.630393928711234,-2.758056998177723
171,-14.442582136081171,-5.6288890803553295,-2.7949173144940356
172,-14.44858659243354,-5.622125439015625,-2.8279022260168603
173,-14.455042347676008,-5.624614688569839,-2.8548086337211593
174,-14.460073394378501,-5.623257496012078,-2.85820922704435
175,-14.47477256019889,-5.669180439226679,-3.053332547205513
176,-14.461699801760211,-5.60808277191756,-2.886871971448115
177,-14.464298947862915,-5.609760537856737,-2.90249474735761
178,-14.471661365077336,-5.6093875690567785,-2.9345927806972605
179,-14.478530755215488,-5.604299777203761,-2.962699159823334
180,-14.48573868636886,-5.609008413000339,-2.9847509222957753
181,-14.491424325673448,-5.610409814881875,-2.983456660254554
182,-14.506698935552585,-5.659621722797424,-3.1741728632995674
183,-14.494143603428011,-5.602329318984503,-3.003709398319562
184,-14.497225316332205,-5.6083085481864385,-3.0158353584127977
185,-14.505059871461956,-5.612706298779742,-3.045027078543707
186,-14.512415853282244,-5.61282390574318,-3.070882383545301
187,-14.520149302526342,-5.623129704382134,-3.0913816424450347
188,-14.526422570807071,-5.630468210984743,-3.08925427774141
189,-14.542367949311842,-5.68589605896506,-3.2798546624437095
190,-14.530584568692458,-5.635027901170136,-3.1099678193553077
191,-14.534553708296098,-5.647559873215329,-3.12331615011415
192,-14.543401031282581,-5.658550233398421,-3.1543089674401372
193,-14.551899999745718,-5.665203664084011,-3.1824588530272977
194,-14.560906115955127,-5.681884975854409,-3.205645354113948
195,-14.568575500788564,-5.695329790320256,-3.2064845903858954
196,-14.586028411174631,-5.756482316524609,-3.400208613227883
197,-14.575846202512563,-5.710843404452526,-3.233474829861812
198,-14.581486878211681,-5.7279964300515624,-3.2498766097600167
199,-14.592047741804388,-5.742890574306212,-3.2836967317736514
200,-14.602269399479773,-5.752627916891871,-3.314327577891672
201,-14.612970747766742,-5.771480011625073,-3.3395384721579
202,-14.622268441137104,-5.786101437831344,-3.3418486273053905
203,-14.641241420492378,-5.847370355472669,-3.5364094407644724
204,-14.63242898357623,-5.800739157758526,-3.369816363964749
205,-14.639247511080386,-5.815762685992925,-3.3856213881919306
206,-14.650754332796863,-5.827383482592163,-3.418087748035194
207,-14.661652948656679,-5.832720422177386,-3.4466107094970755
208,-14.672729205355889,-5.846086316156602,-3.468984822208239
209,-14.682071889225426,-5.854201924609677,-3.467776099666542
210,-14.70073828306063,-5.908036356894172,-3.658202890986086
211,-14.686885246760806,-5.853074326762205,-3.4869457099336745
212,-14.688290355616953,-5.85909070096096,-3.4976571243337755
213,-14.694012657910957,-5.861185848601335,-3.5247133855947212
214,-14.698766143445201,-5.85665413050876,-3.547631756330348
215,-14.70335605915381,-5.859998181005205,-3.5643340203362284
216,-14.70589941198504,-5.858139076269053,-3.5575147518246877
217,-14.717490202486644,-5.902252451112512,-3.7425182260749623
218,-14.700697840588466,-5.8381137236206895,-3.566144357820967
219,-14.698983836771344,-5.835619989205612,-3.572154890135481
220,-14.70146524211833,-5.830068186296294,-3.5950216261229055
221,-14.702919051451717,-5.818936026780746,-3.6143407677919734
222,-14.70421718007102,-5.816891463329573,-3.6280939389744025
223,-14.703545494959696,-5.810998323379647,-3.619014547782716
224,-14.712067478449171,-5.852548301460377,-3.8024634320011677
225,-14.692421013664529,-5.787402592130393,-3.625234215821868
226,-14.688133425093381,-5.785510837185003,-3.631059622237239
227,-14.68838328922302,-5.782187087261502,-3.654360533659749
228,-14.688003271121511,-5.774889351513386,-3.674661843983024
229,-14.687913638277974,-5.778228567939275,-3.6898556368801003
230,-14.686339971414927,-5.779174662289407,-3.6825702840257573
231,-14.694475686102647,-5.828889901407137,-3.868049326793488
232,-14.674977886363585,-5.77307281250655,-3.692960474321683
233,-14.67138171060655,-5.781480306014159,-3.700905853797695
234,-14.672861706206897,-5.78920764122034,-3.726175187345688
235,-14.674234503728218,-5.793472723797196,-3.7481658143215872
236,-14.676392450502728,-5.808630461228698,-3.7646499668646958
237,-14.67752172467771,-5.8213847180854525,-3.7581477667496266
238,-14.688765537831982,-5.882627934620504,-3.9438096865188714
239,-14.6727209345798,-5.837791524995659,-3.7682286959616187
240,-14.672854329947155,-5.856374528778389,-3.7749531301339707
241,-14.678264294938158,-5.87322998649619,-3.7982418689044346
242,-14.68368582965234,-5.885355359900621,-3.8174856803164112
243,-14.689925747063628,-5.906912559250266,-3.83047508914697
244,-14.695082647885597,-5.924444965012801,-3.819773213772021
245,-14.710212050877924,-5.988721366520773,-4.0005973118893055
246,-14.69782514128801,-5.9450898105804635,-3.8196292764200073
247,-14.701306231665562,-5.96300873163464,-3.8205261603221
248,-14.709677399273918,-5.97733475659097,-3.837672384004721
249,-14.71760449478831,-5.985113454113444,-3.8505975607532164
250,-14.725834103382418,-6.000598568411927,-3.857240401749105
251,-14.732414900348317,-6.010467132213987,-3.8403172582015204
252,-14.748363932033557,-6.065660418486042,-4.015199166466625
253,-14.736166256781475,-6.011733790037714,-3.8287177700337884
254,-14.73919301838372,-6.018382912403302,-3.8246713330211923
255,-14.74646640137039,-6.0207258423285746,-3.8375726340871297
256,-14.752665655138609,-6.016087403351334,-3.8470628066694115
257,-14.7585637677295,-6.019011549060722,-3.851171708974048
258,-14.762248238508556,-6.016469283975468,-3.8326834907449445
259,-14.774786494850208,-6.059692286942996,-4.007011316460263
260,-14.75872440866447,-5.9945154866892665,-3.8210016940064913
261,-14.757503012711169,-5.990896245443282,-3.8184396776293297
262,-14.760221899033233,-5.984189848353658,-3.833796765411931
263,-14.767363140341583,-5.971927884920229,-3.847461114020402
264,-14.774067276134874,-5.9688253854766256,-3.856552890417694
265,-14.778511017992066,-5.961984418733234,-3.8437388803354087
266,-14.791851103859512,-6.002724417106684,-4.024294755571684
267,-14.776720883814212,-5.936922567616454,-3.84491311076422
268,-14.77664516652591,-5.934531985790201,-3.8492128848855214
269,-14.780801852232859,-5.930857400131509,-3.8714918674912515
270,-14.78402461747176,-5.923334931467413,-3.8911462302526356
271,-14.787236310395562,-5.926541793258789,-3.905937508704575
272,-14.788666581795301,-5.927403557314589,-3.898365514023265
273,-14.799514368755359,-5.977029151046742,-4.083550923901564
274,-14.782443752813252,-5.92105680300688,-3.908047773589262
275,-14.780998351216619,-5.9291785062807225,-3.9153568771716616
276,-14.784362773478644,-5.9364225597548845,-3.939681756801121
277,-14.787365407903078,-5.939940588421157,-3.9603509140512836
278,-14.790912189497158,-5.954024675003656,-3.975086781192981
279,-14.793204860412422,-5.965322048183048,-3.9663797670422327
280,-14.805404319759125,-6.02467729446397,-4.149371105359209
281,-14.79012755908339,-5.977485116883892,-3.9706647113164344
282,-14.790863311758823,-5.993221027454033,-3.973839086736554
283,-14.796734914255051,-6.006729366574046,-3.993200888600844
284,-14.80250460676222,-6.015014904327177,-4.0082040570782995
285,-14.809008885455745,-6.0322635342538105,-4.016714926667577
286,-14.81437837751226,-6.045059411143683,-4.001381842338028
287,-14.829702795849625,-6.104228436718254,-4.177513114368034
288,-14.8175294311957,-6.055191085553784,-3.991883658106566
289,-14.821280273223492,-6.067491960485619,-3.988241511106575
290,-14.830016225277687,-6.076085506223193,-4.001056000564867
291,-14.838442610618817,-6.0781242037343635,-4.009931617904715
292,-14.847345557490483,-6.0879748539300245,-4.012868182156411
293,-14.854812714268304,-6.0924304276845875,-3.992625964943536
294,-14.871898837342021,-6.142547535621373,-4.164599750094998
295,-14.861124700789313,-6.083992679453898,-3.9756222976404523
296,-14.865894416895502,-6.086564858726934,-3.9694685086744483
297,-14.875259635142074,-6.085474156276751,-3.98060214530412
298,-14.883924826239637,-6.0781228241149,-3.9885892184875624
299,-14.892683252328426,-6.079114676388525,-3.991358654182428
300,-14.899637093075418,-6.0754604580026275,-3.971568911044281
301,-14.91586229281233,-6.118409421956298,-4.144484494513573
302,-14.90390660355624,-6.053790439841457,-3.956782780727062
303,-14.907205941235624,-6.051530360492566,-3.952062363613212
304,-14.914847552644973,-6.046929355797955,-3.9645946715636002
305,-14.921574230349473,-6.037439862372461,-3.973742836755225
306,-14.928219207175758,-6.0376749816415956,-3.9772282794138
307,-14.932925229538368,-6.034614030169465,-3.957503517730126
308,-14.946808402464715,-6.079435463259842,-4.1296349758017
309,-14.93245530634294,-6.017860453322646,-3.940116025469532
310,-14.93333852471114,-6.019674763337018,-3.93238129764542
311,-14.938579098885766,-6.020008550232597,-3.9405638366488303
312,-14.942950160783786,-6.016120576139793,-3.943918917514534
313,-14.947311385283944,-6.0224125364967955,-3.9400948399338525
314,-14.949827766511124,-6.025641024846368,-3.911509079685498
315,-14.961633311459401,-6.0767571718237985,-4.073233462682445
316,-14.942421834548217,-6.0212582149738285,-3.871808516031141
317,-14.938581546958519,-6.028712598637361,-3.8507579787849835
318,-14.939238819365018,-6.034049734282193,-3.8443450224758884
319,-14.939168479420916,-6.034349024795484,-3.831994009705403
320,-14.939228704690311,-6.043859534709646,-3.8115581431948518
321,-14.937580307803774,-6.04921650420288,-3.765691455339375
322,-14.945350985697742,-6.101284614174308,-3.9097289010593506
323,-14.925133006810078,-6.045510986489877,-3.690494832126087
324,-14.920399445238289,-6.051455289123482,-3.6518109820497924
325,-14.92026744427681,-6.054076344884609,-3.6282456775909244
326,-14.919502725402147,-6.050521526746861,-3.59952828497604
327,-14.918954948049821,-6.055144500534347,-3.563809433340367
328,-14.916777389044244,-6.054718737491867,-3.504025659965147
329,-14.924091501196074,-6.10027679058415,-3.6357724340033877
330,-14.903484815982363,-6.037458433462685,-3.4061060248265327
331,-14.89842729398091,-6.036035171673357,-3.3590455209451213
332,-14.898034603874825,-6.031190685650831,-3.329316876480659
333,-14.897072548222823,-6.020303665772913,-3.2967631338035392
334,-14.896392247062792,-6.017958788825494,-3.2596014811015634
335,-14.894149557288616,-6.011153452944291,-3.2007858781749325
336,-14.901469299399754,-6.051130459808355,-3.335879265869566
337,-14.880942771186007,-5.983719932769297,-3.1118558523042568
338,-14.876043668707739,-5.978858159636329,-3.072604776366932
339,-14.875890913533965,-5.971863083094318,-3.0526769875652184
340,-14.875252623409365,-5.960213042072965,-3.0316994214740154
341,-14.874980856574515,-5.958554631999997,-3.0076370305507827
342,-14.873230626362846,-5.9539073917330745,-2.9631612776107583
343,-14.881123775249343,-5.99749556623167,-3.1135289577360505
344,-14.861246203785376,-5.9350902617795,-2.905391672535343
345,-14.8570635884064,-5.9365296776377,-2.8823070729264826
346,-14.8576840979892,-5.936997099438032,-2.878493515129967
347,-14.857862354152404,-5.933803188211958,-2.873252009855242
348,-14.85843426997521,-5.941398333791309,-2.864235825693308
349,-14.857536264662835,-5.946582654223733,-2.833826161067353
350,-14.866269440635405,-6.0003437407585904,-2.9970175685898655
351,-14.847197212227188,-5.9482052966085455,-2.800233289668711
352,-14.843761510353929,-5.959754170457494,-2.786841469723592
353,-14.845046060291928,-5.969925278022243,-2.790913777003086
354,-14.84578096209978,-5.975790749926985,-2.791650210579782
355,-14.846778190625887,-5.991578880909584,-2.786650393809163
356,-14.846151493170035,-6.003890275726622,-2.758289734210183
357,-14.854981250674212,-6.06354111774534,-2.921604132220835
358,-14.835812770521912,-6.015916552502344,-2.723103427168758
359,-14.832073114340785,-6.030501553338383,-2.7062846121941804
360,-14.832834937782234,-6.042168654389659,-2.705386431472566
361,-14.832821553063798,-6.047968810065329,-2.6998092620451435
362,-14.83284281448808,-6.062150908014812,-2.6873807162797476
363,-14.831015290823306,-6.07137731538362,-2.6507255046806715
364,-14.838427279246453,-6.12656540164771,-2.805143414857766
365,-14.817637121130094,-6.073238079942975,-2.5974157780668317
366,-14.812089918921329,-6.081050814542488,-2.571311642812826
367,-14.810881130752298,-6.08507458888582,-2.5613354561047075
368,-14.808761135639514,-6.082616677663335,-2.547140336435453
369,-14.80657098412365,-6.088127657209617,-2.5267875449426564
370,-14.802461594584175,-6.088516705255654,-2.4831108517640277
371,-14.807558178837903,-6.134950821019955,-2.6315897887803947
372,-14.784457767253771,-6.073198449042498,-2.4191522747105876
373,-14.776645073830826,-6.073149698653746,-2.3896779200683254
374,-14.773255199553669,-6.070092843516028,-2.3777438728487024
375,-14.769077411346572,-6.061493675608838,-2.363037319903272
376,-14.764989627858732,-6.06200356305627,-2.343615252367261
377,-14.759177110623341,-6.0586639120120065,-2.3022701625932567
378,-14.762795952629538,-6.1027372852767385,-2.4544056085136376
379,-14.738469863573206,-6.04004850920816,-2.2468420477230793
380,-14.729705390570295,-6.040503478312506,-2.223324142094078
381,-14.725654089953073,-6.039365378435572,-2.2182712664559205
382,-14.72111590179223,-6.034034907222498,-2.211195192275337
383,-14.716973369307825,-6.039060313323461,-2.1999653982478686
384,-14.71141020894197,-6.041344895303982,-2.1671805109561326
385,-14.71557482645911,-6.091982124110495,-2.328049644120052
386,-14.692077277669346,-6.036601604855955,-2.12920387301096
387,-14.68440480791528,-6.044893447918767,-2.1142088855151693
388,-14.681684477460081,-6.051890611291016,-2.1173203948930577
389,-14.678687112343104,-6.054755618846464,-2.117906151640442
390,-14.676262207541493,-6.067797291970247,-2.1137148914375703
391,-14.672557270074016,-6.077684946678205,-2.0872506290670714
392,-14.678682176982795,-6.1352900318294425,-2.2536559976703168
393,-14.657207024638902,-6.086038241849076,-2.0595248265094157
394,-14.65157858027338,-6.099439502670714,-2.0484149820920976
395,-14.650883819191053,-6.110375237412378,-2.054603067949144
396,-14.649854763775561,-6.115889181249798,-2.0575048570175043
397,-14.649304228539027,-6.130207271689955,-2.0549418550833636
398,-14.64734593776129,-6.139953982157574,-2.029512489488827
399,-14.655059571631636,-6.195995019580866,-2.1964717269203557
400,-14.634989200897554,-6.143789395219205,-2.0025394347928356
401,-14.630560207491657,-6.152918274545002,-1.9914086455359223
402,-14.630843164523013,-6.158370050752728,-1.9974954626258614
403,-14.630558885268234,-6.157327979135093,-2.000354630601155
404,-14.630514242684475,-6.164185993973577,-1.9979413161982063
405,-14.628822227026415,-6.165760196117204,-1.9729777394831247
406,-14.636566802207026,-6.2131260734757605,-2.1408285952577
407,-14.616301029140345,-6.151964622361339,-1.9483057035772742
408,-14.611463564991968,-6.152084946728388,-1.9391731573234665
409,-14.611142026027116,-6.148702958733976,-1.9478947955761075
410,-14.610077440389556,-6.139222699177927,-1.954048093702001
411,-14.609099410911673,-6.138246078085567,-1.9555850629308673
412,-14.606345475429007,-6.132778694432155,-1.9351988197247305
413,-14.612925245848869,-6.174061955442576,-2.1081997620393236
414,-14.591417814927068,-6.107914804527382,-1.9213217637911026
415,-14.585287559898983,-6.1042527550275105,-1.918229604661835
416,-14.583646849792776,-6.098363948965637,-1.9332693915172698
417,-14.581259900275406,-6.087688828201371,-1.9458859705935292
418,-14.578977411537366,-6.086829258314539,-1.9538878149741814
419,-14.574955489567293,-6.082754774512349,-1.9398179262696074
420,-14.580319442079004,-6.126636150389533,-2.118834556730417
421,-14.561284118564638,-6.0641895497245395,-1.9375220293905646
422,-14.557700059169628,-6.065198882535717,-1.9394027219452443
423,-14.558685695728169,-6.064795981958007,-1.9586918623227914
424,-14.559008109700107,-6.060245066328326,-1.9747189792898459
425,-14.559517844566445,-6.0659571838231034,-1.9851963875982754
426,-14.558368090509957,-6.0687021521454785,-1.9725931390557605
427,-14.566678821194921,-6.11944802739545,-2.152018157591088
428,-14.547034364910694,-6.063711190739134,-1.970032764194805
429,-14.542899527590237,-6.071084501957709,-1.970163622951778
430,-14.543382758410493,-6.076522970616849,-1.9866577034137651
431,-14.543240581799932,-6.077133251232559,-1.998903126836419
432,-14.543312908130327,-6.087192517312085,-2.004696282258217
433,-14.541742697795279,-6.093364101916618,-1.9866136885229424
434,-14.549640542718024,-6.146539835785362,-2.1598923829788417
435,-14.529582633240107,-6.092192093065955,-1.9712391240782985
436,-14.525027215480032,-6.0999029418061586,-1.9643395365648195
437,-14.525078019707536,-6.104649826033455,-1.9736089051505563
438,-14.524488875955695,-6.1035940904400166,-1.9786086047014777
439,-14.524099124308677,-6.111097935469486,-1.9773086796308448
440,-14.522053292617406,-6.113937250570574,-1.9524551778367916
441,-14.529465606648687,-6.1631403421068285,-2.1194461478387825
442,-14.508917804432205,-6.1043356741795725,-1.9251367092517513
443,-14.503875366401001,-6.107276147277137,-1.9133444396493071
444,-14.503450650829913,-6.107119485117646,-1.9185968862607266
445,-14.502407161890815,-6.1012111958457105,-1.9205452783938584
446,-14.501594570610715,-6.104095857610293,-1.917225024026143
447,-14.499167975652366,-6.1027243409428085,-1.8914216476677375
448,-14.506251983930454,-6.148287146765275,-2.0585461095805964
449,-14.485438098177626,-6.086557133689817,-1.8654399269150637
450,-14.480200538239808,-6.087409303577488,-1.855881329130968
451,-14.479659000123416,-6.0860973443733455,-1.8643342249175827
452,-14.478582593490358,-6.080033506025497,-1.8703640058719309
453,-14.47782458968579,-6.083797647127251,-1.8719007020485994
454,-14.4755414770546,-6.084343127889511,-1.8516080626762075
455,-14.482856911116105,-6.132829765368612,-2.0247624055030014
456,-14.462359051740666,-6.074967134681644,-1.8380615488772376
457,-14.45751641644999,-6.080535868083076,-1.835134945915987
458,-14.457440753444017,-6.084666607289719,-1.8502966818386613
459,-14.456891171881267,-6.0846231160652415,-1.862965243902543
460,-14.45670915568677,-6.094815298838966,-1.8709304670257003
461,-14.45503794937526,-6.102009688746101,-1.8567261233792012
462,-14.462986893005764,-6.157167491737484,-2.0355119044898067
463,-14.443129186109871,-6.105793327892406,-1.853885027772225
464,-14.43891819596543,-6.117462169999378,-1.8553925197173857
465,-14.439450799065522,-6.127103978083945,-1.8742857864780333
466,-14.439471978033374,-6.131792379740345,-1.8899413490716945
467,-14.439810284953147,-6.145762988840257,-1.9001281328489164
468,-14.438597644771031,-6.155628781029313,-1.8873797849916607
469,-14.446934062003722,-6.21222247990057,-2.066875792525966
470,-14.427385698127,-6.160948978062114,-1.8852516741775678
471,-14.423401424364897,-6.171315195220568,-1.8861093556214805
472,-14.42407633024973,-6.178216795570353,-1.9037694101221403
473,-14.424749336474214,-6.177922124762711,-1.9203058939801618
474,-14.425659858174555,-6.185508614333685,-1.9309604109507066
475,-14.424946314655882,-6.187659702276279,-1.918361670900298
476,-14.433717728097495,-6.235311612847277,-2.0977867212037746
477,-14.41455154507164,-6.174003382948423,-1.9159680709168403
478,-14.41090986090755,-6.173403543180047,-1.9166011439621755
479,-14.411902537256584,-6.168592965690757,-1.934093832891704
480,-14.412291441143118,-6.156850283439137,-1.9479821935173658
481,-14.412925426863367,-6.152665567589276,-1.9561928302492393
482,-14.411959548827129,-6.142949811970207,-1.9414105982158083
483,-14.420519086626081,-6.178870341389388,-2.118955534403246
484,-14.401196870792553,-6.106195358433382,-1.9355894140810133
485,-14.397469037447255,-6.094815243254565,-1.9350231445540431
486,-14.398457717327874,-6.080020256852626,-1.9516667572784647
487,-14.398934901394925,-6.059281182408675,-1.965046011735808
488,-14.399757116609624,-6.047258709432078,-1.9730661186765723
489,-14.399084410130152,-6.031009212726393,-1.9583811527605608
490,-14.408044230942036,-6.061817128491916,-2.136272998953805
491,-14.38922870243387,-5.985537208120961,-1.953460151524411
492,-14.386110416300873,-5.97211430905031,-1.953607493351957
493,-14.387805252497694,-5.956860396150826,-1.9710787281623876
494,-14.389076463715416,-5.937235289088713,-1.9853553895070042
495,-14.390769651401458,-5.927856939634102,-1.994302846314913
496,-14.391032122329014,-5.915708849528787,-1.9805417919904706
497,-14.40097720309899,-5.951974770817328,-2.15932898574687
498,-14.383181992417724,-5.882383891908565,-1.9773674993031514
499,-14.381103666246636,-5.876734077108705,-1.9783175429849735
500,-14.38384282411755,-5.870172730072956,-1.9965495040120427
501,-14.386148098035378,-5.859981705344406,-2.0115630961126225
502,-14.388851633846851,-5.860591935800426,-2.021253031580721
503,-14.390088917403771,-5.85879526897985,-2.0082797103259242
504,-14.400963507224782,-5.905583538445287,-2.1879487182556643
505,-14.384045139329444,-5.846497962808434,-2.0070194270898374
506,-14.38278630714929,-5.851156337634838,-2.0092138227308607
507,-14.38628579500711,-5.854537498947477,-2.028967260479989
508,-14.389293379505833,-5.853769403847294,-2.0458451220462357
509,-14.392645304610852,-5.863146432360351,-2.0578058692056973
510,-14.394484001798876,-5.8693433560353885,-2.0475690775651096
511,-14.40592261923454,-5.923255969099194,-2.230492334042583
512,-14.389542831078213,-5.870351461821216,-2.0533773807881683
513,-14.38881103829804,-5.880196005454503,-2.059976719734294
514,-14.392841450749318,-5.887739047977444,-2.0847424566934
515,-14.396400278614024,-5.890100701774952,-2.107241431489142
516,-14.400340654807096,-5.9015878764274,-2.1254171890350766
517,-14.40282177713966,-5.908906662594789,-2.1219574213499337
518,-14.414972852677478,-5.963001032333277,-2.312170795493525
519,-14.399390334362911,-5.909401011564897,-2.1427935652407983
520,-14.399553580126533,-5.917747873987884,-2.1574971787869424
521,-14.404587442394945,-5.923075936738055,-2.1906386424500917
522,-14.409266032933226,-5.922597418525295,-2.2216776512344243
523,-14.414447299622154,-5.930716088984797,-2.2484409898186803
524,-14.418291916600452,-5.934237284484587,-2.2534927683324697
525,-14.428440584854068,-5.983787759083566,-2.4520143299150776
526,-14.410970716043936,-5.925411865090265,-2.2906141396639854
527,-14.409352681047439,-5.9288450764993685,-2.3128387719164185
528,-14.412699082889127,-5.9292110387508705,-2.3529266554998096
529,-14.415768819082801,-5.923805332671248,-2.3902284862570933
530,-14.419402057739532,-5.927108341370128,-2.422474710332586
531,-14.421739618038494,-5.92599478580792,-2.432148547216294
532,-14.433887333411901,-5.971570034672926,-2.634368301815248
533,-14.418413877560011,-5.909516364772145,-2.4756991979913594
534,-14.418767167916972,-5.909616722230703,-2.499665785941917
535,-14.42403783360398,-5.907035547345996,-2.5405065338678376
536,-14.42896396723915,-5.899103089564497,-2.577594480398624
537,-14.434366767651518,-5.90032889249104,-2.6087043363219293
538,-14.438370542249206,-5.8976119634888535,-2.6163845080688395
539,-14.452067626486462,-5.942077684668693,-2.815837814158984
540,-14.43801668124683,-5.879424597004593,-2.6537311669501946
541,-14.43965946570337,-5.87944856963868,-2.6737053289035972
542,-14.446084558446017,-5.877323886827914,-2.7101264260098024
543,-14.452032235309874,-5.870387657726232,-2.7425031803626907
544,-14.458330103733292,-5.873153217673305,-2.7687503467968573
545,-14.463112959195746,-5.872520034866046,-2.7715569304592216
546,-14.477487422182433,-5.91961018918657,-2.966263065915652
547,-14.464029821757837,-5.860114575235107,-2.7996659412779223
548,-14.466202432768535,-5.863816371536965,-2.8155259861158655
549,-14.473116552925255,-5.865871346762676,-2.848315110509842
550,-14.479536645335418,-5.863591453531141,-2.87763105389758
551,-14.486315166696576,-5.871457429070091,-2.901458414355967
552,-14.491611569780638,-5.876327970406839,-2.9025350073077716
553,-14.506556063800854,-5.929275605677767,-3.0962274905572755
554,-14.493746625245953,-5.87593246715031,-2.929336677850883
555,-14.496664393295806,-5.886013557908656,-2.9456037795789625
556,-14.504435962960068,-5.894597127242113,-2.979459358290933
557,-14.511836827393335,-5.898908641649196,-3.0104390383403645
558,-14.519725613676062,-5.913334097370631,-3.036446501773292
559,-14.526262622213338,-5.924630257521833,-3.0401223628183542
560,-14.542573271610923,-5.983761938372867,-3.2367227847157674
561,-14.531244956012564,-5.93624954012339,-3.072928173514254
562,-14.5357424590306,-5.951694390338248,-3.092353088026302
563,-14.545170442649278,-5.965061477896298,-3.1292990452343075
564,-14.554277262749553,-5.973466014402418,-3.1631741463668352
565,-14.563889750567792,-5.991189507308334,-3.191759939275294
566,-14.572132460120043,-6.004892855991901,-3.197583994151406
567,-14.590091968351194,-6.065456515280501,-3.3958019455466553
568,-14.58031471523503,-6.018330835765613,-3.2330092324803092
569,-14.5862235039978,-6.033064059706828,-3.252753584020135
570,-14.596881152266759,-6.044587460413235,-3.2892898516271956
571,-14.60699551530085,-6.050003974412168,-3.3220010517269483
572,-14.617355488003998,-6.063605928258041,-3.348665990505904
573,-14.62605145189367,-6.072089296965438,-3.3518319238640037
574,-14.644140719603236,-6.1263944751368,-3.546696001713063
575,-14.634146430589473,-6.07205662002713,-3.3799157451405812
576,-14.639474986242105,-6.078733010696194,-3.395119640667106
577,-14.649180485723654,-6.081486893669981,-3.4266595088128713
578,-14.653180429333304,-6.077574165332818,-3.454028409681137
579,-14.657061915468443,-6.081458513262338,-3.475125416951005
580,-14.658932497664981,-6.080022492444126,-3.4726240733606297
581,-14.669875525255636,-6.124404576222385,-3.661850129354257
582,-14.652448774213989,-6.06034531717453,-3.4895880603754015
583,-14.650101384974432,-6.057710154566237,-3.49958774167063
584,-14.6519375751292,-6.051768445423465,-3.5263130576153707
585,-14.652721334813222,-6.039975187640562,-3.549356497855864
586,-14.653311708256041,-6.036981183755632,-3.5667003086401396
587,-14.651882134866357,-6.029839253577508,-3.5610828501976455
588,-14.659584420061522,-6.069836668327552,-3.7478741029560636
589,-14.639045817317626,-6.002837072729212,-3.5738807544759266
590,-14.633784347065815,-5.998799556583672,-3.5828521188603943
591,-14.632970860001532,-5.993054567989828,-3.609228692433673
592,-14.631432093842596,-5.983083238398907,-3.6325574036112784
593,-14.630084368732284,-5.983525953295664,-3.650754109489517
594,-14.627151435775689,-5.981387842408457,-3.6464719531105563
595,-14.633827088354039,-6.027871406006818,-3.8349794671624
596,-14.612771054380461,-5.968719564007251,-3.6629687804697006
597,-14.607523328067622,-5.973736784951112,-3.6740650871926905
598,-14.60726547706562,-5.9780679572863065,-3.702579077015016
599,-14.606823196847719,-5.978981518396125,-3.727926268169888
600,-14.60709977427318,-5.990882596343943,-3.7478936726398664
601,-14.60629398493096,-6.000523736969172,-3.7450122808132353
602,-14.615563037073363,-6.058843311503047,-3.9344391250387774
603,-14.59751907635682,-6.011314752820705,-3.7627691562338983
604,-14.59564439893419,-6.027474125046571,-3.773547979127006
605,-14.599053890863475,-6.0422055267596075,-3.8010270414080813
606,-14.602498941347147,-6.052530675480906,-3.8245851301551124
607,-14.606802461465524,-6.072628259566465,-3.841996533673728
608,-14.610078497564347,-6.089050464801271,-3.835804304370155
609,-14.62339701235203,-6.152566613615673,-4.021202351686034
610,-14.609282304841585,-6.108516920304662,-3.844846591139365
611,-14.611130171345001,-6.126343738888256,-3.8503662096456757
612,-14.617972279035117,-6.140879696194182,-3.8721166794536295
613,-14.624481953195236,-6.149138973817766,-3.8895984325993784
614,-14.631410964660507,-6.165337267330692,-3.9007216324861873
615,-14.636810763833719,-6.1761078004943135,-3.8881755743991997
616,-14.651698695022027,-6.232343332239545,-4.067306555118625
617,-14.638557627397102,-6.179547189421348,-3.8849245606166956
618,-14.640754075314206,-6.187360760946788,-3.884809963111265
619,-14.647303256148614,-6.1908469329171085,-3.9014619952618284
620,-14.652875270120997,-6.187275841548619,-3.914513049179846
621,-14.658231979099135,-6.191138608630819,-3.9219893689176173
622,-14.661448028609604,-6.189356593482342,-3.906676792603619
623,-14.673576552077039,-6.2331162711649535,-4.0839954973179875
624,-14.657148006135516,-6.168212953228305,-3.9008041936855467
625,-14.655587229237105,-6.164570976268581,-3.9009050415355944
626,-14.65797719764038,-6.157520028943932,-3.9187911140025524
627,-14.659063694940361,-6.144574181371526,-3.934060494932732
628,-14.659690508762566,-6.140439459870172,-3.944677591752505
629,-14.65801863949349,-6.132217665355493,-3.9333403091614354
630,-14.669167490341675,-6.171236690076947,-4.11535700130587
631,-14.651779599649938,-6.1033906774125715,-3.9374535935099995
632,-14.649367920578175,-6.098657737382858,-3.9432820600046306
633,-14.651100301167563,-6.09237496717782,-3.967171990142704
634,-14.651802358382517,-6.082017373367255,-3.9885492090402876
635,-14.652391014428572,-6.082206545493797,-4.005201905259007
636,-14.651092217840233,-6.079916752730524,-3.9996527710897403
637,-14.659103464939296,-6.126308660888778,-4.187040928056317
638,-14.63908964351394,-6.067073920732118,-4.013933879320916
639,-14.634597358582612,-6.071958233520988,-4.023840536116085
640,-14.634816274958137,-6.076042491305737,-4.050966908893363
641,-14.634581744955376,-6.076528430751317,-4.074638305803722
642,-14.634808377381372,-6.087754469487831,-4.092568379959143
643,-14.633708064579226,-6.096409205050704,-4.087233438832115
644,-14.642453070752497,-6.153372575360195,-4.273755717510164
645,-14.623672684814045,-6.104067732077467,-4.098715810239648
646,-14.620868573349911,-6.11799103732044,-4.105665285337352
647,-14.623177339187023,-6.12999959537401,-4.128881078231477
648,-14.625374520557672,-6.137102586974673,-4.1477855355369195
649,-14.628309650453064,-6.153481923371829,-4.16021250748868
650,-14.630125854191906,-6.165709572056706,-4.148777982151934
651,-14.641924548526191,-6.224591452107419,-4.32875906524245
652,-14.626263705518136,-6.175520879474008,-4.146901621398647
653,-14.626574777703517,-6.188008933642546,-4.14692773931127
654,-14.631926752884455,-6.196971151328465,-4.163284764837915
655,-14.637031539258409,-6.199516842041644,-4.175559932202327
656,-14.64268026988185,-6.209966602475375,-4.181741151078058
657,-14.64696397831516,-6.2150654721984235,-4.164582602109272
658,-14.660939187592934,-6.265821747501785,-4.339479097838016
659,-14.647126860020201,-6.207854577632212,-4.153269667501202
660,-14.64892979430567,-6.210917879746569,-4.149741655955792
661,-14.65539693422654,-6.210180159517568,-4.16337719008955
662,-14.661228791200866,-6.203006724830485,-4.173766130061422
663,-14.66721357705702,-6.203970068049163,-4.178866125670606
664,-14.671447511415721,-6.200056058230465,-4.161368466105694
665,-14.684999863191623,-6.242496153847633,-4.336573687627497
666,-14.670411195266448,-6.177108943343157,-4.151197376595552
667,-14.67110992387883,-6.173818717193444,-4.148877408725024
668,-14.676175684651506,-6.1679308053353274,-4.16392440133961
669,-14.680343737205334,-6.156910289776765,-4.1757393940683984
670,-14.684440035193647,-6.155389962305424,-4.18207925374675
671,-14.686600456799308,-6.150375232520334,-4.16542834786977
672,-14.697934785048384,-6.1930762282527265,-4.3408802918235985
673,-14.681023935234332,-6.129250394000228,-4.154950036894249
674,-14.67933556687832,-6.128723256248956,-4.151087363173378
675,-14.681986594993822,-6.126667022635618,-4.163433375949419
676,-14.683746851854147,-6.120383527718255,-4.171243846468249
677,-14.685473541296682,-6.124317270835481,-4.172159726814443
678,-14.685329991440952,-6.125266103035477,-4.148583230598417
679,-14.694449301458647,-6.174219637306274,-4.315563149738839
680,-14.675431381381264,-6.116708505105096,-4.119609561121688
681,-14.671758519561639,-6.122331935836533,-4.104208899098367
682,-14.672557985474986,-6.126043129892184,-4.1035809320314875
683,-14.67306040767772,-6.124938740266496,-4.097101452967131
684,-14.67367105634117,-6.133278034790272,-4.082571014951528
685,-14.672552515134292,-6.13769909164534,-4.042588132666975
686,-14.68083432213884,-6.18906197307802,-4.192430683627529
687,-14.66111055565834,-6.132801849603931,-3.9788657528405302
688,-14.656855977765018,-6.138459443662254,-3.9456590145167363
689,-14.657189220981893,-6.140968181612225,-3.927325330253313
690,-14.656877236578595,-6.1374443214233025,-3.903544535143318
691,-14.65677061159232,-6.142205595731773,-3.8724229186692467
692,-14.655023224517569,-6.141985766894466,-3.8168590112716503
693,-14.662756799549841,-6.187775057915593,-3.9524176024893207
694,-14.642558823958582,-6.125169525000232,-3.726132429754107
695,-14.63789893123148,-6.123896845857699,-3.6820088212333
696,-14.637892229131625,-6.119098046594597,-3.654768152256497
697,-14.637303788607634,-6.108111590560521,-3.6242582521092777
698,-14.636983901871075,-6.10548554243833,-3.588710414078812
699,-14.635087584426948,-6.09818539046206,-3.531101742276277
700,-14.6427388892121,-6.137427684213036,-3.6670268570197218
701,-14.622528508787402,-6.069022749100906,-3.4434994642534913
702,-14.617929782279244,-6.0628941432130485,-3.4044551074666245
703,-14.618061602442598,-6.054354561662425,-3.384496964319246
704,-14.617692456625003,-6.040884779613194,-3.363308794910389
705,-14.617675228774928,-6.037141495827092,-3.338915632938659
706,-14.616166256452932,-6.030161784657361,-3.2940508614749615
707,-14.624289229862553,-6.0711944119061965,-3.4440335755826665
708,-14.604632426757759,-6.006041343748682,-3.235576593190837
709,-14.600664416272956,-6.004577150682807,-3.212296267928136
710,-14.60149674128263,-6.002026015061267,-3.208465785137959
711,-14.601887824702203,-5.995742903861754,-3.203435855661159
712,-14.602677735498183,-6.000224706899441,-3.1949032000776127
713,-14.602007313681465,-6.002318956426568,-3.1652852657538055
714,-14.610982243101486,-6.053060263811359,-3.329604884035083
715,-14.592170564100131,-5.998017658457708,-3.1343050438428772
716,-14.589018753699253,-6.00682036666229,-3.1227647649088026
717,-14.5906148741249,-6.014441559160905,-3.1290576006184363
718,-14.591693023089213,-6.017986438781024,-3.1323765569785644
719,-14.593068706779498,-6.031710273161953,-3.130305718934717
720,-14.592858617615102,-6.042233793766676,-3.105196954044315
721,-14.602145386508335,-6.100385908235667,-3.2720553595197313
722,-14.58347578131362,-6.051556734019245,-3.077353619478751
723,-14.580277458098054,-6.065228330216799,-3.064546278232608
724,-14.581622744974862,-6.076262516611547,-3.0678255133703205
725,-14.58223367149286,-6.081692036518499,-3.066542278490009
726,-14.582917845373272,-6.095740581812344,-3.0584732172337232
727,-14.581788641367469,-6.105039045400279,-3.0261918529521736
728,-14.589930257107401,-6.160467924440486,-3.1849478744356245
729,-14.569896095667122,-6.107508891335684,-2.9814748546880105
730,-14.565125572797125,-6.115772951084416,-2.9594975896880844
731,-14.564707823493745,-6.120284646978668,-2.953480827963559
732,-14.563386519600808,-6.118268673508304,-2.943043448685511
733,-14.561995402801026,-6.1241645433892264,-2.926218673436225
734,-14.558678004167405,-6.124836825174887,-2.885818990169658
735,-14.564507297459818,-6.170695050906024,-3.0360455431194335
736,-14.542117848181604,-6.108186460610143,-2.825083601626393
737,-14.53498739531647,-6.107169260005755,-2.796813146519943
738,-14.532244537172954,-6.102905981108991,-2.7858187078977745
739,-14.528672665478892,-6.092843529377041,-2.7718014453147495
740,-14.525144592574376,-6.09162174115306,-2.7528383207748948
741,-14.519841366449947,-6.08627813813991,-2.7117470517324667
742,-14.523915862334155,-6.128079123965647,-2.8639608037425934
743,-14.499989647312793,-6.062860952853364,-2.6563330519820147
744,-14.49156825461436,-6.0605481843425135,-2.6326438418371985
745,-14.487803381726165,-6.056429355489447,-2.627349213051665
746,-14.483496263261577,-6.047936465361526,-2.6199977899962468
747,-14.47953186077586,-6.049654114617446,-2.6084950213968643
748,-14.474097376088764,-6.048525966987262,-2.5754736029586116
749,-14.478345684997182,-6.095688726163295,-2.736173879759842
750,-14.454892192174999,-6.036816876465545,-2.5372544905497976
751,-14.447230244226795,-6.041645791892793,-2.522304317573898
752,-14.444493611400729,-6.0452528111361925,-2.5255973450573066
753,-14.44146028133993,-6.044842718875956,-2.526514277314653
754,-14.438987195863309,-6.05476330545753,-2.5228112621947116
755,-14.435229422782957,-6.0617184897475616,-2.4969941334014596
756,-14.441304342163173,-6.116609010550927,-2.664201869634572
757,-14.419789327908871,-6.064883746054031,-2.471019457302506
758,-14.414138039873484,-6.076069081590849,-2.460991170474905
759,-14.413443813964625,-6.085055748792355,-2.4683758478336224
760,-14.412444369994988,-6.088889416624069,-2.4725680211452503
761,-14.411957444693924,-6.101790565770715,-2.4713652710309786
762,-14.410100819024338,-6.110371013623498,-2.447340278988226
763,-14.41795729768843,-6.165477004030654,-2.6157213524321943
764,-14.398073102120604,-6.11254185887296,-2.4232017092352383
765,-14.393874775025667,-6.121115579807209,-2.4134486528631873
766,-14.394433069722949,-6.126150822524416,-2.420854349432435
767,-14.39446803310463,-6.124791554424298,-2.4249522028689316
768,-14.394784882234775,-6.131389987675166,-2.423679351467194
769,-14.393494140059977,-6.132719243679824,-2.399743903798902
770,-14.401676588212833,-6.179811777470473,-2.568500836813288
771,-14.38188150202408,-6.1183066956777195,-2.3767569814957166
772,-14.377543273182857,-6.117973511243188,-2.3682763549133705
773,-14.3777449039848,-6.1139919257668796,-2.3775276628085
774,-14.377222595608721,-6.10373412781936,-2.3840980637826275
775,-14.376801046592956,-6.101775380372807,-2.3859537925394894
776,-14.374612945142298,-6.095100533148361,-2.365806311675954
777,-14.38176323286447,-6.134936661639054,-2.5389879424077186
778,-14.36082662553907,-6.06709512825019,-2.352257402568836
779,-14.355263517105156,-6.061490754516171,-2.3493064892127267
780,-14.35418277120695,-6.053417820993876,-2.364509684846422
781,-14.352345642200234,-6.0403294853009895,-2.3773407111027454
782,-14.350600459761047,-6.036846467229209,-2.3856365401293687
783,-14.347101576702617,-6.029962684107141,-2.3719674287528703
784,-14.352973171145061,-6.070878055961488,-2.5515168073778103
785,-14.330806399396497,-6.005341763753387,-2.370891323096416
786,-14.324075033428425,-6.003173608042905,-2.3736321389205886
787,-14.321898091749679,-5.9995431149888345,-2.3939691302544097
788,-14.321703536670352,-5.991061135006773,-2.4107784215345633
789,-14.321683520308575,-5.9928684118190345,-2.422240865067816
790,-14.319992972994452,-5.991771171810362,-2.4108254606229753
791,-14.327753817669272,-6.038771294539945,-2.5916358842592238
792,-14.307552445455716,-5.979415435489344,-2.4112231107552686
793,-14.302855743252191,-5.983322327017742,-2.413098602048598
794,-14.302774167256418,-5.985467732295381,-2.431489649416662
795,-14.302066089269793,-5.982973378598519,-2.445760725477243
796,-14.301573030814478,-5.990125440262997,-2.453681216938402
797,-14.299439262170358,-5.993589969361994,-2.4377979960493956
798,-14.306776332354474,-6.044255210287831,-2.6133165907673677
799,-14.286160999493683,-5.987583808026348,-2.426911218217044
800,-14.281051667655127,-5.993142301659169,-2.422234786225833
801,-14.280551811107493,-5.9958873191212225,-2.433670544371684
802,-14.27941460210825,-5.9929547685966975,-2.440749348281857
803,-14.278478348981755,-5.998677594344931,-2.4414130264673264
804,-14.275886216051038,-5.999799520942075,-2.4183824331620274
805,-14.282750788767771,-6.047314775584526,-2.5870340761536457
806,-14.261651953726487,-5.986816877567049,-2.394205712760883
807,-14.256053202741311,-5.98802398927819,-2.383702143275937
808,-14.255064847808848,-5.986060367938444,-2.390043000104983
809,-14.253448371426524,-5.978240353443325,-2.3928766021505363
810,-14.252051529625477,-5.979080612750762,-2.3902404554848484
811,-14.249027691731714,-5.975508225698018,-2.3649270590311606
812,-14.255499994079535,-6.018694766379896,-2.5323589608750177
813,-14.234058792208199,-5.954399632565212,-2.339393494985674
814,-14.228177536030618,-5.9524902750517805,-2.32982844335167
815,-14.226975570072463,-5.948219013480346,-2.338150416354926
816,-14.2252220979784,-5.939003006818073,-2.343949994713471
817,-14.223770942352928,-5.939433213667977,-2.3451841681596215
818,-14.220779596178467,-5.9364800206507455,-2.324544665443065
819,-14.227373153395975,-5.9813257624766925,-2.4973360411307777
820,-14.2061416113309,-5.919707429917531,-2.3102838552873513
821,-14.200555675132842,-5.921437234449178,-2.307044086745928
822,-14.199729569352007,-5.921680705754241,-2.3219554611030193
823,-14.198425096122344,-5.917738853200232,-2.3344586210905574
824,-14.197486568530435,-5.924060163772866,-2.3423625582569714
825,-14.195060110248246,-5.927450028385101,-2.328216787263785
826,-14.202257901338658,-5.9789077127580015,-2.507193021201657
827,-14.181655852980535,-5.92397404373659,-2.325896586300905
828,-14.176709829406978,-5.932257340172121,-2.3278786311500763
829,-14.176518908751428,-5.938717114651522,-2.347390740465377
830,-14.175829907726124,-5.94045192129636,-2.363805826404364
831,-14.175472783519366,-5.951716964648176,-2.3748856795077864
832,-14.173580388646716,-5.959138906965692,-2.3631536424206745
833,-14.181253143666941,-6.013557842708259,-2.5437761655601636
834,-14.161057096348758,-5.9603794749022,-2.3633735025168696
835,-14.156440472718552,-5.969104901325933,-2.3655306374568665
836,-14.156497200543622,-5.974617433847515,-2.3845501080955582
837,-14.15597162112236,-5.973972744148206,-2.3998706652103907
838,-14.155693996109294,-5.981417891939682,-2.4093322309360548
839,-14.153800281065612,-5.983606638585482,-2.395545708614088
840,-14.158846712954345,-6.031441005646388,-2.573771499586929
841,-14.13595776376037,-5.9704221295768,-2.390727084627889
842,-14.128592405857079,-5.970177860213625,-2.390094861960664
843,-14.125857340767716,-5.965746591099851,-2.406272003102617
844,-14.122511334547964,-5.954363699349125,-2.4187863587719085
845,-14.119400294500993,-5.950476254728005,-2.4255589599785905
846,-14.11467657228621,-5.940953519823409,-2.4092717388314435
847,-14.11946307179836,-5.976923331837154,-2.585244382975577
848,-14.096350647594878,-5.9041175559300365,-2.4002407247406974
849,-14.08881391969171,-5.892394202089259,-2.3979758847905894
850,-14.085974008228453,-5.877015836290737,-2.41286594174587
851,-14.082602428659404,-5.855430804047469,-2.4244441538925825
852,-14.07955578003081,-5.842283058316751,-2.430624255176404
853,-14.074994724098612,-5.824618234954192,-2.4140694114966776
854,-14.080047844368497,-5.853716173332218,-2.5900706984466066
855,-14.057308879201745,-5.77543316217726,-2.405355436465124
856,-14.050252460545249,-5.759721573581784,-2.4035965279088205
857,-14.047996864699133,-5.74190656619848,-2.4191644846669287
858,-14.04530801574931,-5.719466404192556,-2.4315460847504813
859,-14.043034371236844,-5.707042190312947,-2.438610090496142
860,-14.039326181941094,-5.69164464082265,-2.4229785258868786
861,-14.045299706262766,-5.724488063537801,-2.5999072896391477
862,-14.023534862285228,-5.651334763188448,-2.416096362259992
863,-14.017491435876725,-5.642017463765496,-2.415200683167042
864,-14.016272336321908,-5.631719340557147,-2.4315833296198694
865,-14.014628123921463,-5.617758107984901,-2.444734892474392
866,-14.01339242218388,-5.614599852078727,-2.4525394528207185
867,-14.010701689317886,-5.609070120085207,-2.4376456442719174
868,-14.01765991266587,-5.652192310867159,-2.6153465810425263
869,-13.996836693179251,-5.589536473778027,-2.4323889297070242
870,-13.991683823705621,-5.590745993466574,-2.432482235969716
871,-13.99129883984929,-5.590821648497418,-2.4500501878907954
872,-13.990429757408867,-5.586909395236377,-2.4646477731547805
873,-13.989910601229468,-5.5933174837363016,-2.4742248079110354
874,-13.987881195315284,-5.596730350514969,-2.4614944039219004
875,-13.995451776095075,-5.648049280281711,-2.641810242069465
876,-13.97520089739319,-5.592742909617817,-2.4619730210393773
877,-13.97059173552244,-5.600375032755686,-2.4657372835979174
878,-13.970735280986467,-5.60588919725898,-2.487560390118277
879,-13.970394641394197,-5.606396457572299,-2.5070176794533614
880,-13.970420073589649,-5.6161919251540695,-2.5220643687180035
881,-13.968968230191125,-5.621967605966939,-2.515402821865366
882,-13.977166199497722,-5.674651575196299,-2.702359105173608
883,-13.95760882558171,-5.619756629704314,-2.5296892337750743
884,-13.953774435880021,-5.626905953038072,-2.5410863308641893
885,-13.954787481711223,-5.63111536001197,-2.570930471645563
886,-13.95542233469632,-5.629578569874875,-2.598705237398518
887,-13.956537874310715,-5.636681226981079,-2.622261499703294
888,-13.95629636726759,-5.639211236540918,-2.6241870171849997
889,-13.96582723096227,-5.688195536353684,-2.819685700662885
890,-13.94772417837927,-5.629246508207356,-2.6553868757290635
891,-13.945460879291739,-5.632085617312626,-2.674855678575086
892,-13.949382109039794,-5.631827902633336,-2.712347742708469
893,-13.953022320011199,-5.625753731222312,-2.7472247049788945
894,-13.957225885023021,-5.628333686556937,-2.777225744782488
895,-13.960137889769054,-5.626434031038856,-2.7848388426526824
896,-13.972868365034724,-5.671152923453629,-2.9851829150112716
897,-13.957989981191874,-5.608166563819908,-2.824819584654556
898,-13.958954323789666,-5.6072528258877705,-2.847265642691728
899,-13.964855241444276,-5.603571950105622,-2.886747812216514
900,-13.97043348940734,-5.594450733095398,-2.922623686535945
901,-13.976512279583158,-5.594395902302628,-2.9526492233905164
902,-13.981217209063908,-5.590304197976835,-2.9593512572946765
903,-13.995641127427124,-5.63329922538861,-3.1579087878890655
904,-13.982342405799914,-5.569078213394912,-2.9949633007665466
905,-13.98476170674318,-5.5674361938651185,-3.0141292119690135
906,-13.99198572848438,-5.563547134840301,-3.0497460991816574
907,-13.99875213187688,-5.554748430971447,-3.0812966609578405
908,-14.00588524905292,-5.555554416256268,-3.106670867840769
909,-14.01151603765721,-5.552866407410154,-3.1085348613915063
910,-14.026746836680134,-5.59780933743676,-3.302208461719894
911,-14.014149386835161,-5.536078122829895,-3.1344716484196504
912,-14.017181218735098,-5.537461296702203,-3.1490712171250705
913,-14.024948890819024,-5.537121468309639,-3.1804693849712264
914,-14.032212297893922,-5.532379048911522,-3.2082583925243595
915,-14.039819665511791,-5.537724952768398,-3.230421665000889
916,-14.045926713687576,-5.540029831092598,-3.229700177515743
917,-14.061660568437288,-5.590379951712377,-3.421467960691263
918,-14.049616908774896,-5.534422922657074,-3.2525371719848954
919,-14.05327547865393,-5.541890846033161,-3.266663978185774
920,-14.061762472826645,-5.547880513749458,-3.2982970470297164
921,-14.069854044501653,-5.5496371308752295,-3.3269927007218936
922,-14.078410576230826,-5.5615673139244075,-3.350677279743057
923,-14.085595222133811,-5.570448951106678,-3.3520153278830476
924,-14.102537322167624,-5.6272680556342465,-3.5462874825788937
925,-14.091829195223692,-5.577565816457399,-3.3801984267255927
926,-14.096941455955813,-5.590963425896961,-3.39738606320141
927,-14.106985375467987,-5.602444275339691,-3.4321736133450442
928,-14.11671654020583,-5.609139970904434,-3.4639885857412818
929,-14.126969451955652,-5.625345869519483,-3.4906290507098165
930,-14.135876573379202,-5.637733663582388,-3.4946357152261966
931,-14.154532410947608,-5.697191075845906,-3.691173566428455
932,-14.145491128176277,-5.649171790693593,-3.526843327628762
933,-14.152182815434875,-5.663223116532341,-3.5451937829627482
934,-14.16367691350023,-5.6742708816822285,-3.580476577055056
935,-14.174687018463137,-5.679407925593345,-3.6120673543816335
936,-14.186006681056957,-5.692911797327069,-3.637733607687783
937,-14.195729672675434,-5.701459105498371,-3.6400076818870737
938,-14.214915276312064,-5.755966504763713,-3.834068672508984
939,-14.206087061132227,-5.701941378644487,-3.666553453706503
940,-14.212650233152539,-5.709009659767789,-3.6810679035850917
941,-14.223656026736627,-5.712200251215052,-3.711939965122329
942,-14.233807334334289,-5.7087323889051165,-3.7386384586287553
943,-14.243895160511105,-5.713031553219704,-3.7590380843238362
944,-14.252019349489636,-5.711941389356653,-3.7557891465624045
945,-14.271531579659436,-5.7565616561963235,-3.9441958379866797
946,-14.262701802836471,-5.692595316722689,-3.771023424353957
947,-14.268967749205759,-5.689872283749485,-3.780005520763021
948,-14.279421425686776,-5.68362937238192,-3.805593211029996
949,-14.288814078036404,-5.671292902859577,-3.827370049804551
950,-14.297991760385257,-5.667489677437789,-3.8433135021990417
951,-14.305114978682958,-5.659253915630628,-3.836161462384082
952,-14.32132297086124,-5.6978602983430475,-4.021287788316048
953,-14.309231097464204,-5.629166367601659,-3.8455072828562833
954,-14.312346460521114,-5.623131926738276,-3.8525813754888505
955,-14.319830250460923,-5.615095120090277,-3.8769663149034903
956,-14.326501062621867,-5.602551753365,-3.8982279406665037
957,-14.333268821559898,-5.600163683831007,-3.914303600375566
958,-14.338352821329108,-5.594963954264517,-3.9078698432880956
959,-14.352944485914929,-5.638188891991482,-4.0942197958577164
960,-14.339703363526484,-5.575620469281281,-3.9200705973256227
961,-14.34217150999404,-5.577106596270784,-3.929072078493947
962,-14.349534795039705,-5.577839027269533,-3.9555584059474254
963,-14.356625402509302,-5.5751354181849555,-3.9789666575741713
964,-14.364355187042191,-5.5834513156852035,-3.9971027820584264
965,-14.370933413663714,-5.589589679084467,-3.9925134515468694
966,-14.387529496291945,-5.6445380604571564,-4.180367586810064
967,-14.376769253787648,-5.593816622618431,-4.007267806252755
968,-14.382149836629676,-5.607004531546928,-4.016762858327475
969,-14.3928018487149,-5.619024254837746,-4.043102642972817
970,-14.403492919164322,-5.62693014381283,-4.065659681782239
971,-14.415062363818848,-5.644926913123833,-4.0821973971796925
972,-14.425640434057403,-5.659585449829463,-4.075243634056507
973,-14.446312734703678,-5.72168591080525,-4.259973146458279
974,-14.439618290886662,-5.67657112843113,-4.083019264830817
975,-14.448966374588743,-5.693677712863958,-4.087985789618463
976,-14.463400570503978,-5.707824249875655,-4.109200725767099
977,-14.477604289806168,-5.716002858785442,-4.126135749327048
978,-14.492337324992299,-5.732399634114825,-4.136671819732925
979,-14.505656897857335,-5.743611338419555,-4.12346944489034
980,-14.5285837388874,-5.800488268416777,-4.3018474136373355
981,-14.523601637663369,-5.748486306784517,-4.1185903187860555
982,-14.534075538969383,-5.757195570131254,-4.117456036850802
983,-14.549016633338796,-5.761625103824179,-4.132924908414434
984,-14.563088625691016,-5.758989968405257,-4.14461464507691
985,-14.57704475685158,-5.763726348050027,-4.1505415126216025
986,-14.588949018682468,-5.762702179391554,-4.133486430895104
987,-14.609842097107627,-5.807053374436996,-4.30886993162262
988,-14.602240486045861,-5.742528818404804,-4.123556413469753
989,-14.609553857695461,-5.73901173387809,-4.121358962505887
990,-14.620849155695762,-5.731797050510266,-4.136786566823908
991,-14.630855619191706,-5.718371316169083,-4.149457816180838
992,-14.640400342913908,-5.713420968579005,-4.15736167923169
993,-14.647627849483595,-5.704036646696987,-4.143224018351878
994,-14.66366424795975,-5.741543783805119,-4.3223837785586685
995,-14.65111446460392,-5.671842814088773,-4.141599260873617
996,-14.653477676401401,-5.66492671349681,-4.1445556956893945
997,-14.65656576155094,-5.654638122971857,-4.161819430572516
998,-14.658537512827474,-5.640000142781606,-4.176644925829926
999,-14.660301279547452,-5.635671709009925,-4.186850642797337
1000,-14.66007654042572,-5.628670198871154,-4.174986752872779
1001,-14.669056528008815,-5.670204011464086,-4.356216268573574
1002,-14.649904123276054,-5.6060159005340475,-4.177126301983129
1003,-14.646166179924148,-5.605904698697198,-4.181240519113696
1004,-14.647034814003147,-5.6050050665529305,-4.202774398880087
1005,-14.647349929456515,-5.600571742775545,-4.221057153329991
1006,-14.648032639096597,-5.606994001866854,-4.2338006601954525
1007,-14.647303102257368,-5.611007836666694,-4.223473825993152
1008,-14.656343387768509,-5.663535899930249,-4.405186081332481
1009,-14.637793871704492,-5.610038289021985,-4.225500197839255
1010,-14.635168312328732,-5.620041613369494,-4.227945441886311
1011,-14.637616114981519,-5.628425781103838,-4.2467726453544925
1012,-14.639926029403744,-5.632214792215858,-4.26137504758413
1013,-14.642960906623678,-5.645597069572079,-4.269555283335713
1014,-14.64487700081064,-5.655142687829302,-4.253896984578849
1015,-14.656788386447145,-5.7116474001147175,-4.429644771944549
1016,-14.641264960560054,-5.660486438436016,-4.243512922095279
1017,-14.641749132348465,-5.671145448733639,-4.239193843079606
1018,-14.647319673552342,-5.678507949825918,-4.251108071581497
1019,-14.652696934336195,-5.679645589277924,-4.258819792978902
1020,-14.65867901673118,-5.688836746519881,-4.260298414670993
1021,-14.663362359450204,-5.692780895001592,-4.2382848205804216
1022,-14.677807277084506,-5.742438706336075,-4.4081662425855095
1023,-14.664536900946132,-5.68338098449842,-4.2167801901911535
1024,-14.666954606766126,-5.685313928999903,-4.207918716167194
1025,-14.674108391139228,-5.683360276351364,-4.216074864003104
1026,-14.680696395872296,-5.674842770483592,-4.220855412292657
1027,-14.687503172508283,-5.6742957027185135,-4.220240539550355
1028,-14.692620146752116,-5.668672130635973,-4.196949106265732
1029,-14.707110837096728,-5.709176958121977,-4.366313532505201
1030,-14.693509291129859,-5.641609160184976,-4.175084727059126
1031,-14.695236845299092,-5.635880837701284,-4.166938331977296
1032,-14.701365694259987,-5.627292823144734,-4.17622408597491
1033,-14.706623496094933,-5.61331344040286,-4.182382351881612
1034,-14.711828634868661,-5.608586288143975,-4.183208335858782
1035,-14.715109630629842,-5.6001347577764395,-4.161222576011371
1036,-14.727569281846478,-5.639193539980913,-4.331551539305211
1037,-14.711782033876867,-5.571550443111643,-4.140738626926468
1038,-14.711209707970129,-5.567066215256952,-4.132256683846461
1039,-14.71496410345875,-5.560952064425851,-4.140263640442328
1040,-14.717810723094772,-5.5505514209438696,-4.144025153059024
1041,-14.720603263189675,-5.550351721773836,-4.141184595284835
1042,-14.721502374916518,-5.547193809914099,-4.11413880897881
1043,-14.731639293709879,-5.592109060189207,-4.2779232975240555
1044,-14.713612837796813,-5.530667391361531,-4.079027021681865
1045,-14.71090491318942,-5.5325036769539,-4.060907774828176
1046,-14.712643036101408,-5.532602058918233,-4.057749670715252
1047,-14.713604116697587,-5.528084512400984,-4.048886543110841
1048,-14.714649135770381,-5.53322924555744,-4.032071570838879
1049,-14.713942207045523,-5.5346863374513475,-3.9898515296500165
1050,-14.717707530821185,-5.583320546196571,-4.13744937671967
1051,-14.693448093387508,-5.52456428479707,-3.9215753830764384
1052,-14.684640483472954,-5.527948134040271,-3.8859378729659015
1053,-14.680405059836467,-5.52838828014012,-3.864995215794357
1054,-14.675510319019144,-5.52297713575131,-3.8383730048936755
1055,-14.670808147443038,-5.526002669890003,-3.804126893405974
1056,-14.664453429732442,-5.524163823605774,-3.7451096621608477
1057,-14.667568574400894,-5.568411950528508,-3.876846411194176
1058,-14.642741422028134,-5.504301319014614,-3.6463382823820227
1059,-14.633441638405749,-5.501516117549059,-3.5975659685244903
1060,-14.62878407093273,-5.495153451266754,-3.5652348446710125
1061,-14.623533282682478,-5.482508716466521,-3.5291858396950633
1062,-14.618538870338615,-5.478089029451316,-3.487652687733851
1063,-14.611955038147633,-5.468822256208428,-3.423624285627317
1064,-14.614904992979447,-5.505891765632795,-3.5527161768297466
1065,-14.589978633059157,-5.435080135275336,-3.3219716721219306
1066,-14.580648643480139,-5.426289446706565,-3.275363936440429
1067,-14.576033490206386,-5.414817851385785,-3.247540920639683
1068,-14.570901542723513,-5.398138979019214,-3.2182372670203954
1069,-14.566105949028756,-5.390910036642166,-3.1855338064806302
1070,-14.559803753750314,-5.380176298729083,-3.1322233196257407
1071,-14.563119843634272,-5.417202242315676,-3.273686497839919
1072,-14.53864421196421,-5.347812661148065,-3.056698501779652
1073,-14.529847673229824,-5.341911471724004,-3.024937308308206
1074,-14.525844536548542,-5.33475793648558,-3.012735564723432
1075,-14.521396482811282,-5.323746887828174,-2.9994999017317645
1076,-14.517347281567163,-5.32341877983425,-2.9829781330451466
1077,-14.511841847846455,-5.320667214294977,-2.945632816430158
1078,-14.515990229326567,-5.366574110398412,-3.1025249125499452
1079,-14.492365018096411,-5.306755739011935,-2.9001277425205356
1080,-14.484417317441803,-5.310887196113866,-2.8818422471754843
1081,-14.481239767666457,-5.313984880998549,-2.881755092275533
1082,-14.477570867955375,-5.313193386541413,-2.8790634146790266
1083,-14.474230219072174,-5.322802440300425,-2.8713465031358245
1084,-14.46933817294017,-5.329461348510583,-2.8409427801483993
1085,-14.473980462850918,-5.384020916973308,-3.0028357414079916
1086,-14.450706289889819,-5.331885879098905,-2.803469004536062
1087,-14.442944975891976,-5.342545225087438,-2.786261452674204
1088,-14.439769666009324,-5.350859832545351,-2.7853640318042925
1089,-14.435902296777336,-5.353853660409619,-2.780082042912991
1090,-14.432149433827103,-5.365734023588183,-2.7681432988325616
1091,-14.426622445757294,-5.373108306458739,-2.73207061610539
1092,-14.430402570102405,-5.426827025434298,-2.8870624270815433
1093,-14.406039331468332,-5.37233623895285,-2.67980181376175
1094,-14.396967409417032,-5.379206699746974,-2.653965115562396
